series,sample,tio2_dose_fraction,metric,observed,replacement_line,deviation,exceeds_illustrative_tolerance
CMC,CT_75-25,0.25,filtrate_ml,15.8,14.3,1.5,True
CMC,CT_75-25,0.25,mud_cake_32nd_in,3.0,2.375,0.625,True
CMC,CT_50-50,0.5,filtrate_ml,15.0,14.1,0.9,True
CMC,CT_50-50,0.5,mud_cake_32nd_in,3.0,2.25,0.75,True
CMC,CT_25-75,0.75,filtrate_ml,15.0,13.9,1.1,True
CMC,CT_25-75,0.75,mud_cake_32nd_in,3.0,2.125,0.875,True
PACR,PT_25-75,0.75,filtrate_ml,15.8,13.525,2.275,True
PACR,PT_25-75,0.75,mud_cake_32nd_in,3.0,2.5,0.5,False
PACR,PT_50-50,0.5,filtrate_ml,16.1,13.35,2.75,True
PACR,PT_50-50,0.5,mud_cake_32nd_in,4.0,3.0,1.0,True
PACR,PT_75-25,0.25,filtrate_ml,14.8,13.175,1.625,True
PACR,PT_75-25,0.25,mud_cake_32nd_in,4.0,3.5,0.5,False
