sample,pv_cP,yp_lb100ft2,pv_reported,yp_reported,matches_thesis_table,gel_10s,gel_10min,hb_tau0_lb100ft2,hb_tau0_se,hb_K,hb_n,hb_n_se,hb_r2,hysteresis_mean_up_minus_down,hysteresis_at_3rpm
CMC,14,33,14,33,True,14,39,19.7819,1.2316,0.6994,0.602,0.0479,0.9957,8.25,14
CT_75-25,18,26,18,26,True,14,37,13.173,3.713,2.2052,0.4534,0.0825,0.9844,7.0,1
CT_50-50,12,36,12,36,True,13,32,9.1159,1.0318,3.9333,0.3807,0.0162,0.9993,5.25,6
CT_25-75,8,14,8,14,True,10,23,8.1969,0.7812,0.2318,0.6694,0.0676,0.9924,2.625,6
TiO2,11,24,11,24,True,10,20,2.8206,1.8789,3.0305,0.392,0.037,0.9966,11.0,4
PT_25-75,6,21,6,21,True,9,23,3.2502,3.6928,4.0564,0.2953,0.0684,0.9873,7.75,5
PT_50-50,20,36,10,46,False,18,35,6.3329,6.0505,6.4978,0.348,0.0626,0.9899,2.0,-4
PT_75-25,10,63,10,63,True,26,42,15.6364,6.0873,2.685,0.482,0.1002,0.978,6.125,4
PACR,17,41,17,41,True,18,45,23.8549,1.7759,0.8474,0.6055,0.0561,0.9942,9.375,19
