sample,family,cmc_g,pacr_g,tio2_g,total_additive_g,polymer_dose_fraction,tio2_dose_fraction,bentonite_g,barite_g,water_ml,label_in_report
CMC,CMC reference,1,0,0,1,1,0,15,10,350,Sample 1 (control)
CT_75-25,CMC + TiO2,0.75,0,0.5,1.25,0.75,0.25,15,10,350,Sample 3
CT_50-50,CMC + TiO2,0.5,0,1,1.5,0.5,0.5,15,10,350,Sample 4
CT_25-75,CMC + TiO2,0.25,0,1.5,1.75,0.25,0.75,15,10,350,Sample 5
TiO2,TiO2 only,0,0,2,2,0,1,15,10,350,Sample 2 (full replacement)
PT_25-75,PACR + TiO2,0,0.25,1.5,1.75,0.25,0.75,15,10,350,Sample 9
PT_50-50,PACR + TiO2,0,0.5,1,1.5,0.5,0.5,15,10,350,Sample 8
PT_75-25,PACR + TiO2,0,0.75,0.5,1.25,0.75,0.25,15,10,350,Sample 7
PACR,PACR reference,0,1,0,1,1,0,15,10,350,Sample 6 (control)
