sample,ramp,rpm,dial_reading
CMC,up,3,26
CMC,up,6,30
CMC,up,30,33
CMC,up,60,33
CMC,up,100,34
CMC,up,200,42
CMC,up,300,48
CMC,up,600,62
CMC,down,3,12
CMC,down,6,13
CMC,down,30,20
CMC,down,60,24
CMC,down,100,30
CMC,down,200,38
CMC,down,300,45
CMC,down,600,60
CMC,avg_reported,3,19
CMC,avg_reported,6,22
CMC,avg_reported,30,27
CMC,avg_reported,60,29
CMC,avg_reported,100,32
CMC,avg_reported,200,40
CMC,avg_reported,300,47
CMC,avg_reported,600,61
TiO2,up,3,10
TiO2,up,6,11
TiO2,up,30,22
TiO2,up,60,27
TiO2,up,100,30
TiO2,up,200,38
TiO2,up,300,42
TiO2,up,600,51
TiO2,down,3,6
TiO2,down,6,7
TiO2,down,30,11
TiO2,down,60,14
TiO2,down,100,15
TiO2,down,200,22
TiO2,down,300,28
TiO2,down,600,40
TiO2,avg_reported,3,8
TiO2,avg_reported,6,9
TiO2,avg_reported,30,17
TiO2,avg_reported,60,21
TiO2,avg_reported,100,23
TiO2,avg_reported,200,30
TiO2,avg_reported,300,35
TiO2,avg_reported,600,46
PACR,up,3,33
PACR,up,6,36
PACR,up,30,37
PACR,up,60,41
PACR,up,100,41
PACR,up,200,49
PACR,up,300,59
PACR,up,600,76
PACR,down,3,14
PACR,down,6,15
PACR,down,30,22
PACR,down,60,35
PACR,down,100,36
PACR,down,200,46
PACR,down,300,56
PACR,down,600,73
PACR,avg_reported,3,24
PACR,avg_reported,6,26
PACR,avg_reported,30,30
PACR,avg_reported,60,38
PACR,avg_reported,100,39
PACR,avg_reported,200,48
PACR,avg_reported,300,58
PACR,avg_reported,600,75
CT_75-25,up,3,15
CT_75-25,up,6,22
CT_75-25,up,30,31
CT_75-25,up,60,39
CT_75-25,up,100,41
CT_75-25,up,200,44
CT_75-25,up,300,44
CT_75-25,up,600,61
CT_75-25,down,3,14
CT_75-25,down,6,15
CT_75-25,down,30,19
CT_75-25,down,60,23
CT_75-25,down,100,28
CT_75-25,down,200,36
CT_75-25,down,300,44
CT_75-25,down,600,62
CT_75-25,avg_reported,3,15
CT_75-25,avg_reported,6,19
CT_75-25,avg_reported,30,25
CT_75-25,avg_reported,60,31
CT_75-25,avg_reported,100,35
CT_75-25,avg_reported,200,40
CT_75-25,avg_reported,300,44
CT_75-25,avg_reported,600,62
CT_50-50,up,3,18
CT_50-50,up,6,24
CT_50-50,up,30,30
CT_50-50,up,60,35
CT_50-50,up,100,37
CT_50-50,up,200,44
CT_50-50,up,300,47
CT_50-50,up,600,58
CT_50-50,down,3,12
CT_50-50,down,6,12
CT_50-50,down,30,20
CT_50-50,down,60,25
CT_50-50,down,100,31
CT_50-50,down,200,41
CT_50-50,down,300,48
CT_50-50,down,600,62
CT_50-50,avg_reported,3,15
CT_50-50,avg_reported,6,18
CT_50-50,avg_reported,30,25
CT_50-50,avg_reported,60,30
CT_50-50,avg_reported,100,34
CT_50-50,avg_reported,200,43
CT_50-50,avg_reported,300,48
CT_50-50,avg_reported,600,60
CT_25-75,up,3,11
CT_25-75,up,6,12
CT_25-75,up,30,13
CT_25-75,up,60,13
CT_25-75,up,100,13
CT_25-75,up,200,19
CT_25-75,up,300,23
CT_25-75,up,600,29
CT_25-75,down,3,5
CT_25-75,down,6,5
CT_25-75,down,30,8
CT_25-75,down,60,12
CT_25-75,down,100,13
CT_25-75,down,200,18
CT_25-75,down,300,21
CT_25-75,down,600,30
CT_25-75,avg_reported,3,8
CT_25-75,avg_reported,6,9
CT_25-75,avg_reported,30,11
CT_25-75,avg_reported,60,13
CT_25-75,avg_reported,100,13
CT_25-75,avg_reported,200,19
CT_25-75,avg_reported,300,22
CT_25-75,avg_reported,600,30
PT_75-25,up,3,23
PT_75-25,up,6,25
PT_75-25,up,30,32
PT_75-25,up,60,38
PT_75-25,up,100,48
PT_75-25,up,200,55
PT_75-25,up,300,75
PT_75-25,up,600,90
PT_75-25,down,3,19
PT_75-25,down,6,20
PT_75-25,down,30,28
PT_75-25,down,60,35
PT_75-25,down,100,40
PT_75-25,down,200,50
PT_75-25,down,300,70
PT_75-25,down,600,75
PT_75-25,avg_reported,3,21
PT_75-25,avg_reported,6,23
PT_75-25,avg_reported,30,30
PT_75-25,avg_reported,60,37
PT_75-25,avg_reported,100,44
PT_75-25,avg_reported,200,53
PT_75-25,avg_reported,300,73
PT_75-25,avg_reported,600,83
PT_50-50,up,3,14
PT_50-50,up,6,19
PT_50-50,up,30,34
PT_50-50,up,60,42
PT_50-50,up,100,48
PT_50-50,up,200,48
PT_50-50,up,300,56
PT_50-50,up,600,76
PT_50-50,down,3,18
PT_50-50,down,6,18
PT_50-50,down,30,28
PT_50-50,down,60,34
PT_50-50,down,100,40
PT_50-50,down,200,51
PT_50-50,down,300,56
PT_50-50,down,600,76
PT_50-50,avg_reported,3,16
PT_50-50,avg_reported,6,19
PT_50-50,avg_reported,30,31
PT_50-50,avg_reported,60,38
PT_50-50,avg_reported,100,44
PT_50-50,avg_reported,200,50
PT_50-50,avg_reported,300,56
PT_50-50,avg_reported,600,76
PT_25-75,up,3,11
PT_25-75,up,6,14
PT_25-75,up,30,24
PT_25-75,up,60,24
PT_25-75,up,100,24
PT_25-75,up,200,26
PT_25-75,up,300,30
PT_25-75,up,600,33
PT_25-75,down,3,6
PT_25-75,down,6,6
PT_25-75,down,30,10
PT_25-75,down,60,12
PT_25-75,down,100,15
PT_25-75,down,200,19
PT_25-75,down,300,24
PT_25-75,down,600,32
PT_25-75,avg_reported,3,9
PT_25-75,avg_reported,6,10
PT_25-75,avg_reported,30,17
PT_25-75,avg_reported,60,18
PT_25-75,avg_reported,100,20
PT_25-75,avg_reported,200,23
PT_25-75,avg_reported,300,27
PT_25-75,avg_reported,600,33
